<?xml version="1.0" encoding="UTF-8"?>
<project-private xmlns="http://www.netbeans.org/ns/project-private/1">
    <editor-bookmarks xmlns="http://www.netbeans.org/ns/editor-bookmarks/2" lastBookmarkId="0"/>
    <open-files xmlns="http://www.netbeans.org/ns/projectui-open-files/2">
        <group>
            <file>file:/C:/Users/fatim/Documents/final_exam/src/final_exam/Final_exam.java</file>
            <file>file:/C:/Users/fatim/Documents/final_exam/src/final_exam/MyFrame.java</file>
        </group>
    </open-files>
</project-private>
